{"cameraMode":{"drawMode":0,"name":"Shaded","section":"Shading Mode"},"sceneLighting":true,"audioPlay":false,"sceneViewState":{"showFog":true,"showMaterialUpdate":false,"showSkybox":true,"showFlares":true,"showImageEffects":true,"showParticleSystems":true},"in2DMode":false,"pivot":{"x":-1.2235093116760255,"y":-15.70916748046875,"z":25.321273803710939},"rotation":{"x":-0.29064303636550906,"y":0.003739084815606475,"z":-0.001135180238634348,"w":-0.9568332433700562},"size":59.022850036621097,"orthographic":false}